<?xml version="1.0" encoding="UTF-8"?>
<beans xmlns="http://www.springframework.org/schema/beans"
	xmlns:xsi="http://www.w3.org/2001/XMLSchema-instance"  
	xsi:schemaLocation="http://www.springframework.org/schema/beans http://www.springframework.org/schema/beans/spring-beans.xsd">
	
	<bean name="fidelitypay"  class="com.fidelity.emppack.Employee" 
	autowire="constructor">

  


   <constructor-arg type="String" value="Priyanka" />
	<constructor-arg type="int" value="345" />
	
	 
	</bean>
		 
	
	
	<bean id="address" class="com.fidelity.emppack.Address">
	<property name="city">
	  <value>chennai</value>
	  </property>
	  <property name="state">
	  <value>Tamilnadu</value>
	  </property>
	  </bean>
	
 <!--  <bean id="address1" class="com.fidelity.emppack.Address">
	<property name="city">
	  <value>chennnnai</value>
	  </property>
	  <property name="state">
	  <value>Tamilnnnnadu</value>
	  </property>
	  </bean>   -->
 
	
</beans>
	
	

