<?xml version="1.0"?>
<!DOCTYPE hibernate-mapping
   PUBLIC "-//Hibernate/Hibernate Mapping DTD//EN"
   "http://www.hibernate.org/dtd/hibernate-mapping-3.0.dtd">
<hibernate-mapping>
	<class name="com.pack.Address" table="ADDRESS">
		 
		<id name="addressId" type="long" column="ADDRESS_ID">
			<generator class="native" />
		</id>
						
		<property name="street" column="STREET" type="string" length="20" />
		<property name="city" column="CITY" type="string" length="20" />
		<property name="state" column="STATE" type="string" length="20" />
		<property name="zipcode" column="ZIPCODE" type="string" length="20" />
	</class>
</hibernate-mapping>
