<?xml version="1.0" encoding="UTF-8"?>
<beans xmlns="http://www.springframework.org/schema/beans"
	xmlns:xsi="http://www.w3.org/2001/XMLSchema-instance"  
	xsi:schemaLocation="http://www.springframework.org/schema/beans http://www.springframework.org/schema/beans/spring-beans.xsd">
	
 
	<bean  id="employee"  class="com.emp.pack.Employee" autowire="byName" >
	<property name="eno"  value="100"   ></property>
	<property name="ename" value="Priya"></property>
	<!-- <property name="address" ref="address"></property>   --> 
	</bean>

<bean id="address" class="com.emp.pack.Address">
<property name="city" value="chennai" ></property>
<property name="state" value="tamil nadu" ></property>
</bean>
	
 	 
	  
</beans>